USE [ORANGESYS]
GO
SET IDENTITY_INSERT [dbo].[VAITRO] ON 
GO
INSERT [dbo].[VAITRO] ([MAVAITRO], [TENVAITRO], [TRANGTHAI]) VALUES (101, N'Trưởng Phòng', 1)
GO
INSERT [dbo].[VAITRO] ([MAVAITRO], [TENVAITRO], [TRANGTHAI]) VALUES (102, N'Nhân viên thu ngân', 1)
GO
SET IDENTITY_INSERT [dbo].[VAITRO] OFF
GO
INSERT [dbo].[TAIKHOAN] ([MANV], [MAVAITRO], [HOTEN], [MATKHAU], [NGAYSINH], [GIOITINH], [EMAIL], [SDT], [DIACHI], [ANHDAIDIEN], [NGAYTAO], [TRANGTHAI]) VALUES (N'admin', 101, N'Nguyễn Văn A', N'1234', CAST(N'2002-07-07' AS Date), 1, N'vontph18623@fpt.edu.vn', N'0335138102', N'Hà Nội', N'mama.jpg', CAST(N'2022-01-01' AS Date), 1)
GO
INSERT [dbo].[TAIKHOAN] ([MANV], [MAVAITRO], [HOTEN], [MATKHAU], [NGAYSINH], [GIOITINH], [EMAIL], [SDT], [DIACHI], [ANHDAIDIEN], [NGAYTAO], [TRANGTHAI]) VALUES (N'user01', 102, N'Nguyễn Văn B', N'123', CAST(N'2002-07-07' AS Date), 1, N'thanhmxph18759@fpt.edu.vn', N'0335138102', N'Hà Nội', N'mama.jpg', CAST(N'2022-01-01' AS Date), 1)
GO
INSERT [dbo].[TAIKHOAN] ([MANV], [MAVAITRO], [HOTEN], [MATKHAU], [NGAYSINH], [GIOITINH], [EMAIL], [SDT], [DIACHI], [ANHDAIDIEN], [NGAYTAO], [TRANGTHAI]) VALUES (N'user02', 102, N'Nguyễn Văn C', N'123', CAST(N'2002-07-07' AS Date), 1, N'thanhmxph18759@fpt.edu.vn', N'0335138102', N'Hà Nội', N'mama.jpg', CAST(N'2022-01-01' AS Date), 0)
GO
SET IDENTITY_INSERT [dbo].[LOAIKHACHHANG] ON 
GO
INSERT [dbo].[LOAIKHACHHANG] ([MALOAIKH], [TENLOAIKH], [TRANGTHAI]) VALUES (1, N'Thân thiết', 1)
GO
INSERT [dbo].[LOAIKHACHHANG] ([MALOAIKH], [TENLOAIKH], [TRANGTHAI]) VALUES (2, N'Vip', 1)
GO
SET IDENTITY_INSERT [dbo].[LOAIKHACHHANG] OFF
GO
INSERT [dbo].[KHACHHANG] ([MAKH], [MALOAIKH], [HOTEN], [TICHDIEM], [NGAYSINH], [GIOITINH], [EMAIL], [SDT], [DIACHI], [NGAYTAO], [TRANGTHAI]) VALUES (N'KH01', 1, N'Nguyễn Thị Hương', 1000, CAST(N'2002-03-05' AS Date), 0, N'huong@gmail.com', N'0987674342', N'Thanh Trì', CAST(N'2022-03-20' AS Date), 1)
GO
INSERT [dbo].[KHACHHANG] ([MAKH], [MALOAIKH], [HOTEN], [TICHDIEM], [NGAYSINH], [GIOITINH], [EMAIL], [SDT], [DIACHI], [NGAYTAO], [TRANGTHAI]) VALUES (N'KH02', 2, N'Bùi Phương Linh', 1000, CAST(N'2002-11-02' AS Date), 0, N'linh@gmail.com', N'09873645324', N'Sóc Sơn', CAST(N'2022-03-20' AS Date), 1)
GO
INSERT [dbo].[KHACHHANG] ([MAKH], [MALOAIKH], [HOTEN], [TICHDIEM], [NGAYSINH], [GIOITINH], [EMAIL], [SDT], [DIACHI], [NGAYTAO], [TRANGTHAI]) VALUES (N'KH03', 2, N'Nguyễn Tiến Võ', 1000, CAST(N'1997-04-15' AS Date), 1, N'vontph18623@fpt.edu.vn', N'0866843341', N'Hà Nội', CAST(N'2022-03-20' AS Date), 0)
GO
SET IDENTITY_INSERT [dbo].[TT_HOADON] ON 
GO
INSERT [dbo].[TT_HOADON] ([MATT], [TENTT]) VALUES (1, N'Chờ Thanh Toán')
GO
INSERT [dbo].[TT_HOADON] ([MATT], [TENTT]) VALUES (2, N'Đã Thanh Toán')
GO
INSERT [dbo].[TT_HOADON] ([MATT], [TENTT]) VALUES (3, N'Hủy')
GO
INSERT [dbo].[TT_HOADON] ([MATT], [TENTT]) VALUES (4, N'Hoàn Trả')
GO
SET IDENTITY_INSERT [dbo].[TT_HOADON] OFF
GO
SET IDENTITY_INSERT [dbo].[HOADON] ON 
GO
INSERT [dbo].[HOADON] ([MAHOADON], [MANV], [MAKH], [MATT], [NGAYMUA], [GIAMGIA], [NGAYGIAOHANG], [TIENSHIP], [THANHTIEN], [TRANGTHAI]) VALUES (10001, N'admin', N'KH01', 1, CAST(N'2022-03-22' AS Date), 0.0000, NULL, NULL, 900000.0000, 1)
GO
INSERT [dbo].[HOADON] ([MAHOADON], [MANV], [MAKH], [MATT], [NGAYMUA], [GIAMGIA], [NGAYGIAOHANG], [TIENSHIP], [THANHTIEN], [TRANGTHAI]) VALUES (10002, N'user01', N'KH02', 2, CAST(N'2022-02-22' AS Date), 12345.0000, NULL, NULL, 876543.0000, 1)
GO
INSERT [dbo].[HOADON] ([MAHOADON], [MANV], [MAKH], [MATT], [NGAYMUA], [GIAMGIA], [NGAYGIAOHANG], [TIENSHIP], [THANHTIEN], [TRANGTHAI]) VALUES (10003, N'user02', N'KH03', 3, CAST(N'2022-03-22' AS Date), 60000.0000, NULL, NULL, 888888.0000, 1)
GO
INSERT [dbo].[HOADON] ([MAHOADON], [MANV], [MAKH], [MATT], [NGAYMUA], [GIAMGIA], [NGAYGIAOHANG], [TIENSHIP], [THANHTIEN], [TRANGTHAI]) VALUES (10004, N'admin', N'KH02', 2, CAST(N'2022-03-21' AS Date), 20000.0000, NULL, NULL, 666666.0000, 1)
GO
INSERT [dbo].[HOADON] ([MAHOADON], [MANV], [MAKH], [MATT], [NGAYMUA], [GIAMGIA], [NGAYGIAOHANG], [TIENSHIP], [THANHTIEN], [TRANGTHAI]) VALUES (10005, N'admin', N'KH01', 2, CAST(N'2022-03-08' AS Date), 0.0000, NULL, NULL, 7567567.0000, 1)
GO
INSERT [dbo].[HOADON] ([MAHOADON], [MANV], [MAKH], [MATT], [NGAYMUA], [GIAMGIA], [NGAYGIAOHANG], [TIENSHIP], [THANHTIEN], [TRANGTHAI]) VALUES (10006, N'admin', N'KH01', 2, CAST(N'2022-01-03' AS Date), 456789.0000, NULL, NULL, 1234562.0000, 1)
GO
INSERT [dbo].[HOADON] ([MAHOADON], [MANV], [MAKH], [MATT], [NGAYMUA], [GIAMGIA], [NGAYGIAOHANG], [TIENSHIP], [THANHTIEN], [TRANGTHAI]) VALUES (10007, N'admin', N'KH01', 2, CAST(N'2022-03-09' AS Date), 0.0000, NULL, NULL, 343433.0000, 1)
GO
INSERT [dbo].[HOADON] ([MAHOADON], [MANV], [MAKH], [MATT], [NGAYMUA], [GIAMGIA], [NGAYGIAOHANG], [TIENSHIP], [THANHTIEN], [TRANGTHAI]) VALUES (10008, N'admin', N'KH01', 2, CAST(N'2022-03-01' AS Date), 123567.0000, NULL, NULL, 453245.0000, 1)
GO
INSERT [dbo].[HOADON] ([MAHOADON], [MANV], [MAKH], [MATT], [NGAYMUA], [GIAMGIA], [NGAYGIAOHANG], [TIENSHIP], [THANHTIEN], [TRANGTHAI]) VALUES (10009, N'admin', N'KH02', 2, CAST(N'2022-03-02' AS Date), 123567.0000, NULL, NULL, 342456.0000, 1)
GO
INSERT [dbo].[HOADON] ([MAHOADON], [MANV], [MAKH], [MATT], [NGAYMUA], [GIAMGIA], [NGAYGIAOHANG], [TIENSHIP], [THANHTIEN], [TRANGTHAI]) VALUES (10010, N'user01', N'KH03', 2, CAST(N'2022-03-03' AS Date), 1.0000, NULL, NULL, 2345432.0000, 1)
GO
INSERT [dbo].[HOADON] ([MAHOADON], [MANV], [MAKH], [MATT], [NGAYMUA], [GIAMGIA], [NGAYGIAOHANG], [TIENSHIP], [THANHTIEN], [TRANGTHAI]) VALUES (10011, N'user02', N'KH01', 2, CAST(N'2022-03-04' AS Date), 0.0000, NULL, NULL, 456744.0000, 1)
GO
INSERT [dbo].[HOADON] ([MAHOADON], [MANV], [MAKH], [MATT], [NGAYMUA], [GIAMGIA], [NGAYGIAOHANG], [TIENSHIP], [THANHTIEN], [TRANGTHAI]) VALUES (10012, N'user01', N'KH02', 2, CAST(N'2022-03-05' AS Date), 0.0000, NULL, NULL, 666666.0000, 1)
GO
INSERT [dbo].[HOADON] ([MAHOADON], [MANV], [MAKH], [MATT], [NGAYMUA], [GIAMGIA], [NGAYGIAOHANG], [TIENSHIP], [THANHTIEN], [TRANGTHAI]) VALUES (10013, N'user02', N'KH03', 2, CAST(N'2022-03-06' AS Date), 0.0000, NULL, NULL, 876453.0000, 1)
GO
INSERT [dbo].[HOADON] ([MAHOADON], [MANV], [MAKH], [MATT], [NGAYMUA], [GIAMGIA], [NGAYGIAOHANG], [TIENSHIP], [THANHTIEN], [TRANGTHAI]) VALUES (10014, N'admin', N'KH01', 2, CAST(N'2022-03-10' AS Date), 0.0000, NULL, NULL, 986789.0000, 1)
GO
INSERT [dbo].[HOADON] ([MAHOADON], [MANV], [MAKH], [MATT], [NGAYMUA], [GIAMGIA], [NGAYGIAOHANG], [TIENSHIP], [THANHTIEN], [TRANGTHAI]) VALUES (10015, N'admin', N'KH03', 2, CAST(N'2022-03-07' AS Date), 0.0000, NULL, NULL, 1111111.0000, 1)
GO
INSERT [dbo].[HOADON] ([MAHOADON], [MANV], [MAKH], [MATT], [NGAYMUA], [GIAMGIA], [NGAYGIAOHANG], [TIENSHIP], [THANHTIEN], [TRANGTHAI]) VALUES (10017, N'admin', N'KH02', 2, CAST(N'2022-03-14' AS Date), 0.0000, NULL, NULL, 45445445.0000, 1)
GO
SET IDENTITY_INSERT [dbo].[HOADON] OFF
GO
SET IDENTITY_INSERT [dbo].[DONVITINH] ON 
GO
INSERT [dbo].[DONVITINH] ([MADVT], [TENDVT], [TRANGTHAI]) VALUES (1, N'Cái', 1)
GO
INSERT [dbo].[DONVITINH] ([MADVT], [TENDVT], [TRANGTHAI]) VALUES (2, N'Chiếc', 1)
GO
INSERT [dbo].[DONVITINH] ([MADVT], [TENDVT], [TRANGTHAI]) VALUES (3, N'Lô', 0)
GO
SET IDENTITY_INSERT [dbo].[DONVITINH] OFF
GO
SET IDENTITY_INSERT [dbo].[MAUSAC] ON 
GO
INSERT [dbo].[MAUSAC] ([MAMAU], [TENMAU], [TRANGTHAI]) VALUES (1, N'Đỏ', 1)
GO
INSERT [dbo].[MAUSAC] ([MAMAU], [TENMAU], [TRANGTHAI]) VALUES (2, N'Vàng', 1)
GO
INSERT [dbo].[MAUSAC] ([MAMAU], [TENMAU], [TRANGTHAI]) VALUES (3, N'Xanh Dương', 1)
GO
INSERT [dbo].[MAUSAC] ([MAMAU], [TENMAU], [TRANGTHAI]) VALUES (4, N'Green', 1)
GO
INSERT [dbo].[MAUSAC] ([MAMAU], [TENMAU], [TRANGTHAI]) VALUES (5, N'Đen', 1)
GO
INSERT [dbo].[MAUSAC] ([MAMAU], [TENMAU], [TRANGTHAI]) VALUES (6, N'Trắng', 1)
GO
INSERT [dbo].[MAUSAC] ([MAMAU], [TENMAU], [TRANGTHAI]) VALUES (7, N'Đen Trắng', 1)
GO
INSERT [dbo].[MAUSAC] ([MAMAU], [TENMAU], [TRANGTHAI]) VALUES (8, N'Vàng Đen', 1)
GO
INSERT [dbo].[MAUSAC] ([MAMAU], [TENMAU], [TRANGTHAI]) VALUES (9, N'Xanh Trắng', 1)
GO
INSERT [dbo].[MAUSAC] ([MAMAU], [TENMAU], [TRANGTHAI]) VALUES (10, N'Đỏ Đen', 1)
GO
INSERT [dbo].[MAUSAC] ([MAMAU], [TENMAU], [TRANGTHAI]) VALUES (11, N'Tím', 1)
GO
INSERT [dbo].[MAUSAC] ([MAMAU], [TENMAU], [TRANGTHAI]) VALUES (12, N'Hồng', 1)
GO
INSERT [dbo].[MAUSAC] ([MAMAU], [TENMAU], [TRANGTHAI]) VALUES (13, N'Hồng Cánh Sen', 1)
GO
SET IDENTITY_INSERT [dbo].[MAUSAC] OFF
GO
SET IDENTITY_INSERT [dbo].[DANHMUC] ON 
GO
INSERT [dbo].[DANHMUC] ([MADM], [TENDANHMUC], [NGAYTHEM], [TRANGTHAI]) VALUES (100, N'Áo Sơ Mi', CAST(N'2022-03-20' AS Date), 1)
GO
INSERT [dbo].[DANHMUC] ([MADM], [TENDANHMUC], [NGAYTHEM], [TRANGTHAI]) VALUES (101, N'Quần Jean Nam', CAST(N'2022-03-20' AS Date), 1)
GO
INSERT [dbo].[DANHMUC] ([MADM], [TENDANHMUC], [NGAYTHEM], [TRANGTHAI]) VALUES (103, N'Áo Phông Không Cổ', CAST(N'2022-03-20' AS Date), 1)
GO
INSERT [dbo].[DANHMUC] ([MADM], [TENDANHMUC], [NGAYTHEM], [TRANGTHAI]) VALUES (104, N'Áo Phông Có Cổ', CAST(N'2022-03-20' AS Date), 1)
GO
INSERT [dbo].[DANHMUC] ([MADM], [TENDANHMUC], [NGAYTHEM], [TRANGTHAI]) VALUES (105, N'Quần Âu', CAST(N'2022-03-20' AS Date), 1)
GO
INSERT [dbo].[DANHMUC] ([MADM], [TENDANHMUC], [NGAYTHEM], [TRANGTHAI]) VALUES (106, N'Quần Short', CAST(N'2022-03-20' AS Date), 1)
GO
SET IDENTITY_INSERT [dbo].[DANHMUC] OFF
GO
INSERT [dbo].[SIZE] ([MASIZE], [LOAISIZE], [TRANGTHAI]) VALUES (N'27', N'Quần', 1)
GO
INSERT [dbo].[SIZE] ([MASIZE], [LOAISIZE], [TRANGTHAI]) VALUES (N'28', N'Quần', 1)
GO
INSERT [dbo].[SIZE] ([MASIZE], [LOAISIZE], [TRANGTHAI]) VALUES (N'29', N'Quần', 1)
GO
INSERT [dbo].[SIZE] ([MASIZE], [LOAISIZE], [TRANGTHAI]) VALUES (N'30', N'Quần', 1)
GO
INSERT [dbo].[SIZE] ([MASIZE], [LOAISIZE], [TRANGTHAI]) VALUES (N'31', N'Quần', 1)
GO
INSERT [dbo].[SIZE] ([MASIZE], [LOAISIZE], [TRANGTHAI]) VALUES (N'32', N'Quần', 1)
GO
INSERT [dbo].[SIZE] ([MASIZE], [LOAISIZE], [TRANGTHAI]) VALUES (N'33', N'Quần', 1)
GO
INSERT [dbo].[SIZE] ([MASIZE], [LOAISIZE], [TRANGTHAI]) VALUES (N'L', N'Áo', 1)
GO
INSERT [dbo].[SIZE] ([MASIZE], [LOAISIZE], [TRANGTHAI]) VALUES (N'M', N'Áo', 1)
GO
INSERT [dbo].[SIZE] ([MASIZE], [LOAISIZE], [TRANGTHAI]) VALUES (N'S', N'Áo', 1)
GO
INSERT [dbo].[SIZE] ([MASIZE], [LOAISIZE], [TRANGTHAI]) VALUES (N'XL', N'Áo', 1)
GO
INSERT [dbo].[SIZE] ([MASIZE], [LOAISIZE], [TRANGTHAI]) VALUES (N'XS', N'Áo', 1)
GO
INSERT [dbo].[SIZE] ([MASIZE], [LOAISIZE], [TRANGTHAI]) VALUES (N'XXL', N'Áo', 1)
GO
INSERT [dbo].[SIZE] ([MASIZE], [LOAISIZE], [TRANGTHAI]) VALUES (N'XXXL', N'Áo', 1)
GO
SET IDENTITY_INSERT [dbo].[CHATLIEU] ON 
GO
INSERT [dbo].[CHATLIEU] ([MACHATLIEU], [TENCHATLIEU], [TRANGTHAI]) VALUES (1, N'Cotton', 1)
GO
INSERT [dbo].[CHATLIEU] ([MACHATLIEU], [TENCHATLIEU], [TRANGTHAI]) VALUES (2, N'Tự nhiên', 1)
GO
INSERT [dbo].[CHATLIEU] ([MACHATLIEU], [TENCHATLIEU], [TRANGTHAI]) VALUES (3, N'Tơ tằm', 1)
GO
SET IDENTITY_INSERT [dbo].[CHATLIEU] OFF
GO
SET IDENTITY_INSERT [dbo].[SANPHAM] ON 
GO
INSERT [dbo].[SANPHAM] ([MASP], [MADM], [MAVACH], [TENSP], [ANHSANPHAM], [GIANHAP], [GIABAN], [SOLUONG], [NGAYNHAP], [APDUNGKM], [MADVT], [MAMAU], [MASIZE], [MACHATLIEU], [TRANGTHAI]) VALUES (1000, 100, N'AO001', N'Áo Sơ Mi Nam', N'ao.jpg', 50000.0000, 100000.0000, 200, CAST(N'2022-03-20' AS Date), 1, 1, 1, N'M', 1, 1)
GO
INSERT [dbo].[SANPHAM] ([MASP], [MADM], [MAVACH], [TENSP], [ANHSANPHAM], [GIANHAP], [GIABAN], [SOLUONG], [NGAYNHAP], [APDUNGKM], [MADVT], [MAMAU], [MASIZE], [MACHATLIEU], [TRANGTHAI]) VALUES (1002, 100, NULL, N'Sơ Mi Trắng', NULL, 50000.0000, 100000.0000, 200, CAST(N'2022-03-20' AS Date), 1, 1, 1, N'S', 1, 1)
GO
INSERT [dbo].[SANPHAM] ([MASP], [MADM], [MAVACH], [TENSP], [ANHSANPHAM], [GIANHAP], [GIABAN], [SOLUONG], [NGAYNHAP], [APDUNGKM], [MADVT], [MAMAU], [MASIZE], [MACHATLIEU], [TRANGTHAI]) VALUES (1003, 101, NULL, N'Áo phông đen', NULL, 20000.0000, 75000.0000, 500, CAST(N'2022-03-20' AS Date), 0, 2, 2, N'XL', 2, 1)
GO
INSERT [dbo].[SANPHAM] ([MASP], [MADM], [MAVACH], [TENSP], [ANHSANPHAM], [GIANHAP], [GIABAN], [SOLUONG], [NGAYNHAP], [APDUNGKM], [MADVT], [MAMAU], [MASIZE], [MACHATLIEU], [TRANGTHAI]) VALUES (1004, 101, NULL, N'Quần Jean đen', NULL, 75000.0000, 20000.0000, 1000, CAST(N'2022-03-20' AS Date), 1, 2, 2, N'XXL', 2, 1)
GO
INSERT [dbo].[SANPHAM] ([MASP], [MADM], [MAVACH], [TENSP], [ANHSANPHAM], [GIANHAP], [GIABAN], [SOLUONG], [NGAYNHAP], [APDUNGKM], [MADVT], [MAMAU], [MASIZE], [MACHATLIEU], [TRANGTHAI]) VALUES (1005, 100, NULL, N'Áo gió', NULL, 12000.0000, 500000.0000, 5, CAST(N'2022-03-03' AS Date), 1, 1, 2, N'XXL', 1, 1)
GO
INSERT [dbo].[SANPHAM] ([MASP], [MADM], [MAVACH], [TENSP], [ANHSANPHAM], [GIANHAP], [GIABAN], [SOLUONG], [NGAYNHAP], [APDUNGKM], [MADVT], [MAMAU], [MASIZE], [MACHATLIEU], [TRANGTHAI]) VALUES (1007, 101, NULL, N'Quần ', NULL, 30000.0000, 80000.0000, 10, CAST(N'2022-03-26' AS Date), 1, 1, 2, N'S', 2, NULL)
GO
INSERT [dbo].[SANPHAM] ([MASP], [MADM], [MAVACH], [TENSP], [ANHSANPHAM], [GIANHAP], [GIABAN], [SOLUONG], [NGAYNHAP], [APDUNGKM], [MADVT], [MAMAU], [MASIZE], [MACHATLIEU], [TRANGTHAI]) VALUES (1008, 101, NULL, N'Áo', NULL, 50000.0000, 100000.0000, 15, CAST(N'2022-03-26' AS Date), 1, 1, 1, N'L', 1, 1)
GO
INSERT [dbo].[SANPHAM] ([MASP], [MADM], [MAVACH], [TENSP], [ANHSANPHAM], [GIANHAP], [GIABAN], [SOLUONG], [NGAYNHAP], [APDUNGKM], [MADVT], [MAMAU], [MASIZE], [MACHATLIEU], [TRANGTHAI]) VALUES (1009, 100, N'', N'Áo', NULL, 10000.0000, 123000.0000, 51, CAST(N'2022-03-26' AS Date), 1, 1, 1, N'L', 1, 1)
GO
SET IDENTITY_INSERT [dbo].[SANPHAM] OFF
GO
SET IDENTITY_INSERT [dbo].[KHUYENMAI] ON 
GO
INSERT [dbo].[KHUYENMAI] ([MAKM], [MASP], [TENKM], [LOAIKM], [HINHTHUCAD], [GIATRI], [HDTOITHIEU], [GIAMTOIDA], [NGAYBATDAU], [NGAYKETTHUC], [TRANGTHAI]) VALUES (1, 1000, N'8/3', 1, 1, CAST(50000 AS Decimal(18, 0)), NULL, 50000.0000, CAST(N'2022-03-21' AS Date), CAST(N'2022-03-31' AS Date), 1)
GO
INSERT [dbo].[KHUYENMAI] ([MAKM], [MASP], [TENKM], [LOAIKM], [HINHTHUCAD], [GIATRI], [HDTOITHIEU], [GIAMTOIDA], [NGAYBATDAU], [NGAYKETTHUC], [TRANGTHAI]) VALUES (5, 1000, N'27/3', 1, 0, CAST(20 AS Decimal(18, 0)), NULL, 100000.0000, CAST(N'2022-03-24' AS Date), CAST(N'2022-03-31' AS Date), 1)
GO
INSERT [dbo].[KHUYENMAI] ([MAKM], [MASP], [TENKM], [LOAIKM], [HINHTHUCAD], [GIATRI], [HDTOITHIEU], [GIAMTOIDA], [NGAYBATDAU], [NGAYKETTHUC], [TRANGTHAI]) VALUES (7, 1002, N'27/03', 1, 0, CAST(20 AS Decimal(18, 0)), NULL, 100000.0000, CAST(N'2022-03-24' AS Date), CAST(N'2022-03-31' AS Date), 1)
GO
SET IDENTITY_INSERT [dbo].[KHUYENMAI] OFF
GO
INSERT [dbo].[CT_HOADON] ([MAHD], [MASP], [SOLUONG], [GHICHU], [TRANGTHAI]) VALUES (10001, 1000, 3, NULL, 1)
GO
INSERT [dbo].[CT_HOADON] ([MAHD], [MASP], [SOLUONG], [GHICHU], [TRANGTHAI]) VALUES (10001, 1002, 2, NULL, 1)
GO
INSERT [dbo].[CT_HOADON] ([MAHD], [MASP], [SOLUONG], [GHICHU], [TRANGTHAI]) VALUES (10002, 1002, 3, NULL, 1)
GO
INSERT [dbo].[CT_HOADON] ([MAHD], [MASP], [SOLUONG], [GHICHU], [TRANGTHAI]) VALUES (10002, 1003, 4, NULL, 1)
GO
INSERT [dbo].[CT_HOADON] ([MAHD], [MASP], [SOLUONG], [GHICHU], [TRANGTHAI]) VALUES (10003, 1004, 8, NULL, 1)
GO
INSERT [dbo].[CT_HOADON] ([MAHD], [MASP], [SOLUONG], [GHICHU], [TRANGTHAI]) VALUES (10003, 1003, 450, NULL, 1)
GO
INSERT [dbo].[CT_HOADON] ([MAHD], [MASP], [SOLUONG], [GHICHU], [TRANGTHAI]) VALUES (10004, 1004, 400, NULL, 1)
GO
INSERT [dbo].[CT_HOADON] ([MAHD], [MASP], [SOLUONG], [GHICHU], [TRANGTHAI]) VALUES (10004, 1000, 50, NULL, 1)
GO
INSERT [dbo].[CT_HOADON] ([MAHD], [MASP], [SOLUONG], [GHICHU], [TRANGTHAI]) VALUES (10005, 1002, 10, NULL, 1)
GO
INSERT [dbo].[CT_HOADON] ([MAHD], [MASP], [SOLUONG], [GHICHU], [TRANGTHAI]) VALUES (10006, 1003, 1, NULL, 1)
GO
INSERT [dbo].[CT_HOADON] ([MAHD], [MASP], [SOLUONG], [GHICHU], [TRANGTHAI]) VALUES (10007, 1002, 1, NULL, 1)
GO
INSERT [dbo].[CT_HOADON] ([MAHD], [MASP], [SOLUONG], [GHICHU], [TRANGTHAI]) VALUES (10008, 1000, 1, NULL, 1)
GO
INSERT [dbo].[CT_HOADON] ([MAHD], [MASP], [SOLUONG], [GHICHU], [TRANGTHAI]) VALUES (10009, 1004, 10, NULL, 1)
GO
INSERT [dbo].[CT_HOADON] ([MAHD], [MASP], [SOLUONG], [GHICHU], [TRANGTHAI]) VALUES (10010, 1000, 10, NULL, 1)
GO
INSERT [dbo].[CT_HOADON] ([MAHD], [MASP], [SOLUONG], [GHICHU], [TRANGTHAI]) VALUES (10011, 1003, 10, NULL, 1)
GO
INSERT [dbo].[CT_HOADON] ([MAHD], [MASP], [SOLUONG], [GHICHU], [TRANGTHAI]) VALUES (10012, 1002, 10, NULL, 1)
GO
INSERT [dbo].[CT_HOADON] ([MAHD], [MASP], [SOLUONG], [GHICHU], [TRANGTHAI]) VALUES (10013, 1003, 1, NULL, 1)
GO
INSERT [dbo].[CT_HOADON] ([MAHD], [MASP], [SOLUONG], [GHICHU], [TRANGTHAI]) VALUES (10014, 1004, 1, NULL, 1)
GO
INSERT [dbo].[CT_HOADON] ([MAHD], [MASP], [SOLUONG], [GHICHU], [TRANGTHAI]) VALUES (10015, 1003, 1, NULL, 1)
GO
INSERT [dbo].[CT_HOADON] ([MAHD], [MASP], [SOLUONG], [GHICHU], [TRANGTHAI]) VALUES (10017, 1002, 13, NULL, 1)
GO
